URL,Last crawled
https://holisticacupuncture.net/what-you-didnt-know-about-acupuncture-faqs-answered/,3/13/2026
https://holisticacupuncture.net/exploring-colon-cleanses-myths-methods-and-what-really-works/,3/13/2026
https://holisticacupuncture.net/the-po-the-bodys-soul-in-chinese-medicine/,3/13/2026
https://holisticacupuncture.net/acupuncture-for-new-years-wellness-tips-for-staying-healthy-in-2025/,3/13/2026
https://holisticacupuncture.net/oil-pulling-modern-oral-health/,3/13/2026
https://holisticacupuncture.net/the-yi-in-chinese-medicine/,3/13/2026
https://holisticacupuncture.net/contact-us-2/,3/13/2026
https://holisticacupuncture.net/chinese-herbs-and-you/,3/13/2026
https://holisticacupuncture.net/the-role-of-acupuncture-in-weight-loss-and-healthy-eating-a-natural-approach-for-milwaukee-residents/,3/13/2026
https://holisticacupuncture.net/exploring-the-depths-of-acupuncture-unraveling-its-mechanisms-and-latest-scientific-insights/,3/13/2026
https://holisticacupuncture.net/summer-health-tips-from-an-acupuncturist/photo-by-aleksandr-eremin/,3/12/2026
https://holisticacupuncture.net/the-role-of-the-hun-in-chinese-medicine-understanding-the-ethereal-soul/,3/12/2026
https://holisticacupuncture.net/acupuncture-treatment-for-carpal-tunnel-syndrome-faq/,3/12/2026
https://holisticacupuncture.net/tea-key-maintaining-immune-strength-winter/,3/12/2026
https://holisticacupuncture.net/herbal-remedies-and-acupuncture-the-perfect-duo-for-healing-in-milwaukee-wisconsin/,3/12/2026
https://holisticacupuncture.net/about-us/philip-photo-6-28-21img_4943/,3/12/2026
https://holisticacupuncture.net/what-is-a-symptom/,3/12/2026
https://holisticacupuncture.net/signs-that-you-need-acupuncture/young-woman-with-neck-and-shoulder-pain-close-up/,3/12/2026
https://holisticacupuncture.net/oriental-nutrition-things-eat-fall/,3/11/2026
https://holisticacupuncture.net/exploring-colon-cleanses-myths-methods-and-what-really-works/photo-by-birgith-roosipuu/,3/11/2026
https://holisticacupuncture.net/oil-pulling-modern-oral-health/photo-by-skyler-ewing/,3/11/2026
https://holisticacupuncture.net/diabetes/,3/11/2026
https://holisticacupuncture.net/acupuncture-for-digestive-disorders/,3/11/2026
https://holisticacupuncture.net/position-available/,3/11/2026
https://holisticacupuncture.net/how-acupuncture-can-help-with-menstrual-pain-in-milwaukee-wisconsin/,3/11/2026
https://holisticacupuncture.net/contact-us-2/map/,3/11/2026
https://holisticacupuncture.net/oriental-nutrition-secrets-for-eating-healthy-in-the-spring-season-a-guide-from-acupuncture-and-holistic-health-associates-in-milwaukee-wisconsin/,3/11/2026
https://holisticacupuncture.net/caffeine/,3/11/2026
https://holisticacupuncture.net/soup-or-salad/,3/11/2026
https://holisticacupuncture.net/first-time-acupuncture-in-milwaukee-wisconsin-heres-what-to-expect/,3/11/2026
https://holisticacupuncture.net/preparing-for-the-holidays/photo-by-megan-watson/,3/11/2026
https://holisticacupuncture.net/sinuses-allergies/,3/11/2026
https://holisticacupuncture.net/acupuncture-for-digestive-issues-a-natural-approach-in-milwaukee-wisconsin/,3/11/2026
https://holisticacupuncture.net/acupuncture-vs-traditional-western-medicine-benefits-and-differences/,3/11/2026
https://holisticacupuncture.net/welcome-website-acupuncture-holistic-health-associates/staff-photo-2-25-2025/,3/11/2026
https://holisticacupuncture.net/new-years-resolutions-through-classical-chinese-medicine-setting-intentions-for-holistic-health/,3/11/2026
https://holisticacupuncture.net/4-common-conditions-that-respond-well-to-acupuncture/,3/11/2026
https://holisticacupuncture.net/how-acupuncture-helps-athletes-recover-faster-in-milwaukee-wisconsin/,3/11/2026
https://holisticacupuncture.net/blog/,3/11/2026
https://holisticacupuncture.net/acupuncture-for-preventative-health-keeping-your-body-in-balance-in-milwaukee/,3/11/2026
https://holisticacupuncture.net/acupuncture-for-winter-health-boost-your-immunity-this-season-in-milwaukee/,3/11/2026
https://holisticacupuncture.net/4-things-seniors-should-know-about-acupuncture/,3/11/2026
https://holisticacupuncture.net/29-acupuncture-special-thankyou/,3/11/2026
https://holisticacupuncture.net/how-acupuncture-works/,3/11/2026
https://holisticacupuncture.net/honoring-mothers-through-the-wisdom-of-chinese-medicine/,3/11/2026
https://holisticacupuncture.net/about-us/,3/11/2026
https://holisticacupuncture.net/how-to-get-the-most-out-of-supplements-you-take/,3/10/2026
https://holisticacupuncture.net/wp-content/uploads/2025/04/oriental-medicine-and-emotions.pdf,3/10/2026
https://holisticacupuncture.net/healing-reactions-what-are-they/,3/10/2026
https://holisticacupuncture.net/conditions-symptoms/,3/10/2026
https://holisticacupuncture.net/can-acupuncture-help-treat-acne/,3/10/2026
https://holisticacupuncture.net/year-of-the-dragon/,3/10/2026
https://holisticacupuncture.net/10-tips-for-staying-healthy-with-temperature-swings/,3/9/2026
https://holisticacupuncture.net/how-acupuncture-helps-children-with-allergies-and-asthma-in-milwaukee/,3/9/2026
https://holisticacupuncture.net/is-acupuncture-safe-what-you-need-to-know/,3/9/2026
https://holisticacupuncture.net/about-the-staff/,3/9/2026
https://holisticacupuncture.net/digestion/,3/9/2026
https://holisticacupuncture.net/what-the-chinese-lunar-new-year-means-to-you-and-your-health-in-milwaukee/,3/9/2026
https://holisticacupuncture.net/stevia-faq-questions-and-answers-about-stevia-sweeteners/,3/9/2026
https://holisticacupuncture.net/acupuncture-for-winter-immunity-boosting-defenses-against-colds/,3/9/2026
https://holisticacupuncture.net/seasonal-affective-disorder-tdp-lamps/,3/9/2026
https://holisticacupuncture.net/using-acupuncture-to-overcome-stress-overwhelm-and-anxiety/,3/8/2026
https://holisticacupuncture.net/,3/8/2026
https://holisticacupuncture.net/acupuncture-for-fertility/,3/8/2026
https://holisticacupuncture.net/rotator-cuff-injuries/,3/8/2026
https://holisticacupuncture.net/5-common-myths-about-acupuncture-debunked-milwaukee-wisconsin/,3/7/2026
https://holisticacupuncture.net/castor-oil-healing/,3/7/2026
https://holisticacupuncture.net/embracing-autumn-how-acupuncture-can-support-your-seasonal-transition/,3/7/2026
https://holisticacupuncture.net/3-electrolyte-packed-mocktail-recipes-to-keep-you-hydrated/,3/6/2026
https://holisticacupuncture.net/what-is-a-tdp-lamp-and-how-does-it-work/,3/6/2026
https://holisticacupuncture.net/food-medicine-winter-months/,3/6/2026
https://holisticacupuncture.net/acupuncture-as-a-help-for-diabetes-mellitus-and-diabetic-peripheral-neuropathy/,3/6/2026
https://holisticacupuncture.net/fortify-your-defenses-5-time-tested-strategies-from-classical-chinese-medicine-to-prevent-illness/,3/6/2026
https://holisticacupuncture.net/specials/,3/6/2026
https://holisticacupuncture.net/wp-content/uploads/2015/10/skin-newsletter.pdf,3/5/2026
https://holisticacupuncture.net/acupuncture-degenerative-disc-disease/,3/5/2026
https://holisticacupuncture.net/health-newsletters/,3/5/2026
https://holisticacupuncture.net/unlocking-chinese-herbal-medicine/,3/5/2026
https://holisticacupuncture.net/acupuncture-sciatic-pain/,3/5/2026
https://holisticacupuncture.net/the-shen-in-chinese-medicine-nurturing-the-spirit-for-optimal-health/,3/5/2026
https://holisticacupuncture.net/how-does-acupuncture-work-a-beginners-guide-to-acupuncture-in-milwaukee-wisconsin/,3/5/2026
https://holisticacupuncture.net/what-does-acupuncture-feel-like-exactly/,3/5/2026
https://holisticacupuncture.net/3d-still-showing-sciatica-nerve/,3/5/2026
https://holisticacupuncture.net/wp-content/uploads/2015/10/sugar-newsletter.pdf,3/5/2026
https://holisticacupuncture.net/the-science-behind-acupuncture-for-stress-relief/,3/5/2026
https://holisticacupuncture.net/acupuncture-for-fertility/photo-by-febe-vanermen/,3/5/2026
https://holisticacupuncture.net/acupuncture-for-the-microbiome/,3/4/2026
https://holisticacupuncture.net/acupuncture-for-back-pain-a-comprehensive-guide/,3/4/2026
https://holisticacupuncture.net/wp-content/uploads/2015/10/steps-to-maintain-a-healthy-digestive-tract.pdf,3/4/2026
https://holisticacupuncture.net/natural-sunscreen/,3/3/2026
https://holisticacupuncture.net/acupuncture-vs-chiropractic-which-is-right-for-you-in-milwaukee-wisconsin/,3/3/2026
https://holisticacupuncture.net/acupuncture-for-stomach-issues/,3/3/2026
https://holisticacupuncture.net/functional-acupuncture-vs-community-acupuncture/,3/3/2026
https://holisticacupuncture.net/what-is-acupuncture-and-how-does-it-work/,3/3/2026
https://holisticacupuncture.net/yoga-for-your-mind-body-and-soul/,3/3/2026
https://holisticacupuncture.net/diet-and-your-immune-function/,3/3/2026
https://holisticacupuncture.net/how-acupuncture-treats-allergies/,3/3/2026
https://holisticacupuncture.net/fast-and-easy-chai-tea-recipe/,3/2/2026
https://holisticacupuncture.net/wp-content/uploads/2014/03/skin-conditions.pdf,3/2/2026
https://holisticacupuncture.net/welcome-website-acupuncture-holistic-health-associates/meet-the-team-at-the-clinic-1/,3/2/2026
https://holisticacupuncture.net/healthy-coffee-vs-tea/,3/2/2026
https://holisticacupuncture.net/the-dangers-of-msg/msg/,3/2/2026
https://holisticacupuncture.net/about-the-staff/melissa/,3/1/2026
https://holisticacupuncture.net/photo-by-saranya7/,3/1/2026
https://holisticacupuncture.net/food-medicine-winter-months/photo-by-atle-mo/,3/1/2026
https://holisticacupuncture.net/what-to-know-about-headaches-and-acupuncture/,3/1/2026
https://holisticacupuncture.net/acupuncture-for-better-sleep-how-to-create-a-restful-routine/,3/1/2026
https://holisticacupuncture.net/reviews/,3/1/2026
https://holisticacupuncture.net/can-acupuncture-help-treat-acne/photo-by-muthia-ashifa-salsabella/,3/1/2026
https://holisticacupuncture.net/why-milwaukee-residents-are-choosing-acupuncture-for-back-pain-relief/,3/1/2026
https://holisticacupuncture.net/welcome-website-acupuncture-holistic-health-associates/community-awards/,3/1/2026
https://holisticacupuncture.net/wp-content/uploads/2015/10/raw-foods.pdf,3/1/2026
https://holisticacupuncture.net/hormones/,3/1/2026
https://holisticacupuncture.net/headaches/,2/28/2026
https://holisticacupuncture.net/why-being-grateful-is-good-medicine/,2/28/2026
https://holisticacupuncture.net/influenza/,2/28/2026
https://holisticacupuncture.net/combining-acupuncture-with-yoga-a-milwaukee-wellness-guide/,2/28/2026
https://holisticacupuncture.net/diagnosis/,2/28/2026
https://holisticacupuncture.net/gmo-vs-non-gmo-foods/,2/28/2026
https://holisticacupuncture.net/buyer-beware-tips-for-choosing-an-acupuncturist/,2/28/2026
https://holisticacupuncture.net/embrace-a-natural-and-healthy-lifestyle-simple-tips-for-wellness-in-milwaukee-wi/,2/28/2026
https://holisticacupuncture.net/anxiety/,2/28/2026
https://holisticacupuncture.net/four-golden-rules-of-acupuncture/,2/28/2026
https://holisticacupuncture.net/zhi-willpower-housed-in-the-kidneys/,2/28/2026
https://holisticacupuncture.net/fluid-metabolism-in-chinese-medicine/,2/28/2026
https://holisticacupuncture.net/treating-fatty-liver-disease-a-holistic-chinese-medicine-approach/,2/28/2026
https://holisticacupuncture.net/sleep/,2/28/2026
https://holisticacupuncture.net/the-shen-in-chinese-medicine-nurturing-the-spirit-for-optimal-health/photo-by-greg-rakozy/,2/28/2026
https://holisticacupuncture.net/why-choose-acupuncture-over-painkillers/,2/27/2026
https://holisticacupuncture.net/spring-cleansing/,2/26/2026
https://holisticacupuncture.net/pain/,2/26/2026
https://holisticacupuncture.net/winters-end-spring-transition/photo-by-mary-hinton/,2/26/2026
https://holisticacupuncture.net/everything-you-need-to-know-about-using-acupuncture-for-pain-management/,2/25/2026
https://holisticacupuncture.net/winters-end-spring-transition/,2/24/2026
https://holisticacupuncture.net/faqs-about-perimenopause-treatment-and-acupuncture/,2/24/2026
https://holisticacupuncture.net/low-energy/,2/23/2026
https://holisticacupuncture.net/privacy-policy/,2/22/2026
https://holisticacupuncture.net/year-of-the-water-tiger-is-almost-upon-us/,2/22/2026
https://holisticacupuncture.net/acupuncture-for-allergies/,2/21/2026
https://holisticacupuncture.net/career-opportunities/,2/21/2026
https://holisticacupuncture.net/exploring-colon-cleanses-myths-methods-and-what-really-works/photo-by-dimmis-vart/,2/20/2026
https://holisticacupuncture.net/signs-that-you-need-acupuncture/,2/20/2026
https://holisticacupuncture.net/the-yi-in-chinese-medicine/photo-by-mailchimp/,2/20/2026
https://holisticacupuncture.net/acupuncture-for-womens-health-issues/,2/20/2026
https://holisticacupuncture.net/exploring-the-depths-of-acupuncture-unraveling-its-mechanisms-and-latest-scientific-insights/photo-by-嘲-风/,2/20/2026
https://holisticacupuncture.net/welcome-website-acupuncture-holistic-health-associates/ahha-staff-2021/,2/19/2026
https://holisticacupuncture.net/welcome-website-acupuncture-holistic-health-associates/milwaukee-top-choice-for-acupuncture/,2/19/2026
https://holisticacupuncture.net/athletes-tendon-ligament-injuries/,2/19/2026
https://holisticacupuncture.net/heart-function-natural-solutions-heart-related-health-problems/,2/19/2026
https://holisticacupuncture.net/welcome-website-acupuncture-holistic-health-associates/best-acupuncture-banner/,2/19/2026
https://holisticacupuncture.net/about-us/curry-solo-1200x1600/,2/19/2026
https://holisticacupuncture.net/about-us/2023-best-of-plaque/,2/18/2026
https://holisticacupuncture.net/healthy-eating-starts-with-the-cookware/,2/16/2026
https://holisticacupuncture.net/the-five-branches-of-oriental-medicine/,2/16/2026
https://holisticacupuncture.net/the-po-the-bodys-soul-in-chinese-medicine/photo-by-wallace-henry/,2/15/2026
https://holisticacupuncture.net/about-us/img_2752-edit/,2/14/2026
https://holisticacupuncture.net/2697-2/chicken-vegetable-soup-with-chicken-5/,2/13/2026
https://holisticacupuncture.net/using-acupuncture-for-headaches-and-migraines-in-milwaukee-a-natural-approach-to-pain-relief/,2/8/2026
https://holisticacupuncture.net/how-does-your-immune-system-work/allergies/,2/8/2026
https://holisticacupuncture.net/the-role-of-the-hun-in-chinese-medicine-understanding-the-ethereal-soul/photo-by-teslariu-mihai/,2/7/2026
https://holisticacupuncture.net/preparing-for-the-holidays/,2/7/2026
https://holisticacupuncture.net/neck-pain/,2/7/2026
https://holisticacupuncture.net/wp-content/uploads/2015/10/oriental-nutrition-newsletter.pdf,2/5/2026
https://holisticacupuncture.net/wp-content/uploads/2015/10/acupuncture-needle-safety.pdf,2/3/2026
https://holisticacupuncture.net/the-liver-in-chinese-medicine-nurturing-your-bodys-general-for-optimal-health/photo-by-julien-tromeur-3/,2/1/2026
https://holisticacupuncture.net/treatment-room/,1/31/2026
https://holisticacupuncture.net/wp-content/uploads/2015/10/discontinuing-medication-you-currently-take-newsletter.pdf,1/29/2026
https://holisticacupuncture.net/irregular-and-painful-menstruation/,1/28/2026
https://holisticacupuncture.net/wp-content/uploads/2015/10/western-vs-oriental-medicine-newsletter.pdf,1/24/2026
https://holisticacupuncture.net/welcome-website-acupuncture-holistic-health-associates/morgan/,1/24/2026
https://holisticacupuncture.net/welcome-website-acupuncture-holistic-health-associates/bom2021_logo_finalist_k/,1/18/2026
https://holisticacupuncture.net/wp-content/uploads/2015/10/womens-reproductive-health.pdf,1/13/2026
https://holisticacupuncture.net/pumpkin-power/,1/5/2026
https://holisticacupuncture.net/staying-healthy-during-the-holidays-can-be-tough/,1/4/2026
https://holisticacupuncture.net/healthy-habits/,1/2/2026
https://holisticacupuncture.net/blog/page/3/,1/1/2026
https://holisticacupuncture.net/stevia-faq-questions-and-answers-about-stevia-sweeteners/photo-by-mathilde-langevin/,1/1/2026
https://holisticacupuncture.net/quick-and-easy-spring-noodle-soup/,12/31/2025
https://holisticacupuncture.net/about-us/2024-10-29_12-51-44_871/,12/31/2025
https://holisticacupuncture.net/welcome-website-acupuncture-holistic-health-associates/community-choice-awards-full-paper2025/,12/30/2025
https://holisticacupuncture.net/sleep/sleep-2/,12/13/2025
https://holisticacupuncture.net/fortify-your-defenses-5-time-tested-strategies-from-classical-chinese-medicine-to-prevent-illness/photo-by-milada-vigerova/,12/13/2025
https://holisticacupuncture.net/fluid-metabolism-in-chinese-medicine/fluids/,12/12/2025
https://holisticacupuncture.net/2697-2/chicken/,12/5/2025
https://holisticacupuncture.net/welcome-website-acupuncture-holistic-health-associates/img_0170-2/,11/29/2025
